{"cameraMode":{"drawMode":0,"name":"Shaded","section":"Shading Mode"},"sceneLighting":false,"audioPlay":false,"sceneViewState":{"m_AlwaysRefresh":false,"showFog":true,"showSkybox":false,"showFlares":true,"showImageEffects":true,"showParticleSystems":true,"showVisualEffectGraphs":true,"m_FxEnabled":false},"in2DMode":false,"pivot":{"x":1.0099999904632569,"y":-0.5450639724731445,"z":-29.93000030517578},"rotation":{"x":0.48103654384613039,"y":0.013149573467671872,"z":-0.00721609266474843,"w":0.8765725493431091},"size":1.094128966331482,"orthographic":false}