{"cameraMode":{"drawMode":0,"name":"Shaded","section":"Shading Mode"},"sceneLighting":false,"audioPlay":false,"sceneViewState":{"m_AlwaysRefresh":false,"showFog":true,"showSkybox":false,"showFlares":true,"showImageEffects":true,"showParticleSystems":true,"showVisualEffectGraphs":true,"m_FxEnabled":true},"in2DMode":false,"pivot":{"x":1.111816167831421,"y":-0.4358043372631073,"z":-29.921297073364259},"rotation":{"x":0.00034517221502028406,"y":-0.9931510090827942,"z":0.11704389750957489,"w":0.0029578623361885549},"size":0.8660253882408142,"orthographic":false}