{"cameraMode":{"drawMode":0,"name":"Shaded","section":"Shading Mode"},"sceneLighting":false,"audioPlay":false,"sceneViewState":{"m_AlwaysRefresh":false,"showFog":true,"showSkybox":false,"showFlares":true,"showImageEffects":true,"showParticleSystems":true,"showVisualEffectGraphs":true,"m_FxEnabled":true},"in2DMode":false,"pivot":{"x":0.0007421970367431641,"y":0.2840510606765747,"z":0.03147353231906891},"rotation":{"x":0.1063789576292038,"y":-0.806742250919342,"z":0.15307970345020295,"w":0.5608289241790772},"size":0.4616251587867737,"orthographic":false}