{"cameraMode":{"drawMode":0,"name":"Shaded","section":"Shading Mode"},"sceneLighting":false,"audioPlay":false,"sceneViewState":{"m_AlwaysRefresh":false,"showFog":true,"showSkybox":false,"showFlares":true,"showImageEffects":true,"showParticleSystems":true,"showVisualEffectGraphs":true,"m_FxEnabled":true},"in2DMode":false,"pivot":{"x":-0.38395944237709048,"y":-0.0050369203090667728,"z":-0.2512170970439911},"rotation":{"x":0.1063789576292038,"y":-0.806742250919342,"z":0.15307970345020295,"w":0.5608289241790772},"size":0.6421594023704529,"orthographic":false}