{"cameraMode":{"drawMode":0,"name":"Shaded","section":"Shading Mode"},"sceneLighting":true,"audioPlay":false,"sceneViewState":{"m_AlwaysRefresh":false,"showFog":true,"showSkybox":true,"showFlares":true,"showImageEffects":true,"showParticleSystems":true,"showVisualEffectGraphs":true,"m_FxEnabled":true},"in2DMode":false,"pivot":{"x":-2.6295533180236818,"y":3.7243242263793947,"z":-0.3321495056152344},"rotation":{"x":0.009807013906538487,"y":0.8258944749832153,"z":-0.014369336888194085,"w":0.5635671019554138},"size":4.389886379241943,"orthographic":true}