{"cameraMode":{"drawMode":0,"name":"Shaded","section":"Shading Mode"},"sceneLighting":false,"audioPlay":false,"sceneViewState":{"m_AlwaysRefresh":false,"showFog":true,"showSkybox":false,"showFlares":true,"showImageEffects":true,"showParticleSystems":true,"showVisualEffectGraphs":true,"m_FxEnabled":true},"in2DMode":false,"pivot":{"x":1.6845736503601075,"y":-1.908199429512024,"z":1.13969087600708},"rotation":{"x":0.015699956566095353,"y":0.8514282703399658,"z":0.025560926645994188,"w":-0.5236437320709229},"size":0.44786950945854189,"orthographic":false}