{"cameraMode":{"drawMode":0,"name":"Shaded","section":"Shading Mode"},"sceneLighting":false,"audioPlay":false,"sceneViewState":{"m_AlwaysRefresh":false,"showFog":true,"showSkybox":false,"showFlares":true,"showImageEffects":true,"showParticleSystems":true,"showVisualEffectGraphs":true,"m_FxEnabled":true},"in2DMode":false,"pivot":{"x":-0.5193105936050415,"y":0.25445064902305605,"z":-0.003927171230316162},"rotation":{"x":0.05423026531934738,"y":-0.7502905130386353,"z":0.06205296888947487,"w":0.6560376286506653},"size":0.6421594023704529,"orthographic":false}