{"cameraMode":{"drawMode":0,"name":"Shaded","section":"Shading Mode"},"sceneLighting":false,"audioPlay":false,"sceneViewState":{"m_AlwaysRefresh":false,"showFog":false,"showSkybox":false,"showFlares":false,"showImageEffects":false,"showParticleSystems":false,"showVisualEffectGraphs":true,"m_FxEnabled":true},"in2DMode":false,"pivot":{"x":0.3760705590248108,"y":1.1769421100616456,"z":-1.0905489921569825},"rotation":{"x":0.0010924539528787137,"y":0.9954681992530823,"z":-0.010443485341966153,"w":0.09528480470180512},"size":1.4650564193725587,"orthographic":false}