{"cameraMode":{"drawMode":0,"name":"Shaded","section":"Shading Mode"},"sceneLighting":false,"audioPlay":false,"sceneViewState":{"m_AlwaysRefresh":false,"showFog":true,"showSkybox":false,"showFlares":true,"showImageEffects":true,"showParticleSystems":true,"showVisualEffectGraphs":true,"m_FxEnabled":true},"in2DMode":false,"pivot":{"x":0.0019009709358215333,"y":0.1893518567085266,"z":0.0019401311874389649},"rotation":{"x":-0.26943618059158327,"y":-0.37539345026016238,"z":0.11504233628511429,"w":-0.8794215321540833},"size":0.3932928442955017,"orthographic":false}