{"cameraMode":{"drawMode":0,"name":"Shaded","section":"Shading Mode"},"sceneLighting":false,"audioPlay":false,"sceneViewState":{"m_AlwaysRefresh":false,"showFog":true,"showSkybox":false,"showFlares":true,"showImageEffects":true,"showParticleSystems":true,"showVisualEffectGraphs":true,"m_FxEnabled":false},"in2DMode":false,"pivot":{"x":0.0014427341520786286,"y":0.17358773946762086,"z":-0.00016994774341583252},"rotation":{"x":0.07268011569976807,"y":0.7921951413154602,"z":-0.09624408930540085,"w":0.5982357859611511},"size":0.9888538122177124,"orthographic":false}