{"cameraMode":{"drawMode":0,"name":"Shaded","section":"Shading Mode"},"sceneLighting":false,"audioPlay":false,"sceneViewState":{"m_AlwaysRefresh":false,"showFog":true,"showSkybox":false,"showFlares":true,"showImageEffects":true,"showParticleSystems":true,"showVisualEffectGraphs":true,"m_FxEnabled":true},"in2DMode":false,"pivot":{"x":0.17236372828483582,"y":0.25890758633613589,"z":0.02485661394894123},"rotation":{"x":-0.5559269785881043,"y":-0.062215037643909457,"z":0.041688840836286548,"w":-0.8279345631599426},"size":0.8660253882408142,"orthographic":false}