{"cameraMode":{"drawMode":0,"name":"Shaded","section":"Shading Mode"},"sceneLighting":false,"audioPlay":false,"sceneViewState":{"m_AlwaysRefresh":false,"showFog":true,"showSkybox":false,"showFlares":true,"showImageEffects":true,"showParticleSystems":true,"showVisualEffectGraphs":true,"m_FxEnabled":true},"in2DMode":false,"pivot":{"x":0.059529125690460208,"y":1.5168877840042115,"z":0.048305392265319827},"rotation":{"x":-0.12292710691690445,"y":0.035768840461969379,"z":-0.004400482401251793,"w":-0.9918273091316223},"size":2.0645718574523927,"orthographic":false}