{"cameraMode":{"drawMode":0,"name":"Shaded","section":"Shading Mode"},"sceneLighting":false,"audioPlay":false,"sceneViewState":{"m_AlwaysRefresh":false,"showFog":true,"showSkybox":false,"showFlares":true,"showImageEffects":true,"showParticleSystems":true,"showVisualEffectGraphs":true,"m_FxEnabled":true},"in2DMode":false,"pivot":{"x":-0.03348183631896973,"y":0.9527715444564819,"z":-0.120968759059906},"rotation":{"x":-0.016170229762792589,"y":-0.9748162031173706,"z":0.20930379629135133,"w":-0.07530871778726578},"size":1.8195018768310547,"orthographic":false}