{"cameraMode":{"drawMode":0,"name":"Shaded","section":"Shading Mode"},"sceneLighting":true,"audioPlay":false,"sceneViewState":{"m_AlwaysRefresh":false,"showFog":true,"showSkybox":true,"showFlares":true,"showImageEffects":true,"showParticleSystems":true,"showVisualEffectGraphs":true,"m_FxEnabled":true},"in2DMode":false,"pivot":{"x":0.012928009033203125,"y":-0.3321975767612457,"z":0.85504150390625},"rotation":{"x":0.06694284826517105,"y":-0.6852638125419617,"z":0.06349597126245499,"w":0.7224329113960266},"size":1.1809223890304566,"orthographic":false}