{"cameraMode":{"drawMode":0,"name":"Shaded","section":"Shading Mode"},"sceneLighting":false,"audioPlay":false,"sceneViewState":{"m_AlwaysRefresh":false,"showFog":true,"showSkybox":false,"showFlares":true,"showImageEffects":true,"showParticleSystems":true,"showVisualEffectGraphs":true,"m_FxEnabled":true},"in2DMode":false,"pivot":{"x":-0.0007848069071769714,"y":0.5341066718101502,"z":0.0023249834775924684},"rotation":{"x":0.06028462201356888,"y":-0.9381983280181885,"z":0.21177956461906434,"w":0.2672290503978729},"size":0.775015652179718,"orthographic":false}