{"cameraMode":{"drawMode":0,"name":"Shaded","section":"Shading Mode"},"sceneLighting":false,"audioPlay":false,"sceneViewState":{"m_AlwaysRefresh":false,"showFog":true,"showSkybox":false,"showFlares":true,"showImageEffects":true,"showParticleSystems":true,"showVisualEffectGraphs":true,"m_FxEnabled":true},"in2DMode":false,"pivot":{"x":0.022151589393615724,"y":0.5573374032974243,"z":0.3306633532047272},"rotation":{"x":0.007485018111765385,"y":0.5951717495918274,"z":-0.005535954609513283,"w":0.8035683631896973},"size":0.5384900569915772,"orthographic":false}