{"cameraMode":{"drawMode":0,"name":"Shaded","section":"Shading Mode"},"sceneLighting":false,"audioPlay":false,"sceneViewState":{"m_AlwaysRefresh":false,"showFog":true,"showSkybox":false,"showFlares":true,"showImageEffects":true,"showParticleSystems":true,"showVisualEffectGraphs":true,"m_FxEnabled":true},"in2DMode":false,"pivot":{"x":0.0006537027657032013,"y":0.41166841983795168,"z":-0.002011403441429138},"rotation":{"x":-0.26943618059158327,"y":-0.37539345026016238,"z":0.11504233628511429,"w":-0.8794215321540833},"size":0.6349535584449768,"orthographic":false}