{"cameraMode":{"drawMode":0,"name":"Shaded","section":"Shading Mode"},"sceneLighting":false,"audioPlay":false,"sceneViewState":{"m_AlwaysRefresh":false,"showFog":true,"showSkybox":false,"showFlares":true,"showImageEffects":true,"showParticleSystems":true,"showVisualEffectGraphs":true,"m_FxEnabled":true},"in2DMode":false,"pivot":{"x":-1.3882999420166016,"y":0.12677383422851563,"z":3.1563215255737306},"rotation":{"x":-0.14120152592658997,"y":0.8378753066062927,"z":-0.25669509172439577,"w":-0.4607185125350952},"size":35.52641296386719,"orthographic":false}