{"cameraMode":{"drawMode":0,"name":"Shaded","section":"Shading Mode"},"sceneLighting":false,"audioPlay":false,"sceneViewState":{"m_AlwaysRefresh":false,"showFog":true,"showSkybox":false,"showFlares":true,"showImageEffects":true,"showParticleSystems":true,"showVisualEffectGraphs":true,"m_FxEnabled":true},"in2DMode":false,"pivot":{"x":-1.6391277313232423e-7,"y":-0.030763166025280954,"z":0.1855027824640274},"rotation":{"x":0.08614141494035721,"y":-0.901268720626831,"z":0.21056394279003144,"w":0.3688752353191376},"size":0.20605355501174928,"orthographic":false}