{"cameraMode":{"drawMode":0,"name":"Shaded","section":"Shading Mode"},"sceneLighting":false,"audioPlay":false,"sceneViewState":{"m_AlwaysRefresh":false,"showFog":true,"showSkybox":false,"showFlares":true,"showImageEffects":true,"showParticleSystems":true,"showVisualEffectGraphs":true,"m_FxEnabled":true},"in2DMode":false,"pivot":{"x":0.0009484440088272095,"y":0.48747438192367556,"z":0.04755336046218872},"rotation":{"x":0.06028462201356888,"y":-0.9381983280181885,"z":0.21177956461906434,"w":0.2672290503978729},"size":0.776449978351593,"orthographic":false}