{"cameraMode":{"drawMode":0,"name":"Shaded","section":"Shading Mode"},"sceneLighting":false,"audioPlay":false,"sceneViewState":{"m_AlwaysRefresh":false,"showFog":false,"showSkybox":false,"showFlares":false,"showImageEffects":false,"showParticleSystems":false,"showVisualEffectGraphs":true,"m_FxEnabled":true},"in2DMode":false,"pivot":{"x":-0.7656069993972778,"y":0.8113131523132324,"z":-0.14181408286094666},"rotation":{"x":-0.08478754758834839,"y":0.4882514178752899,"z":-0.04783855006098747,"w":-0.8673396110534668},"size":1.4650564193725587,"orthographic":false}