{"cameraMode":{"drawMode":0,"name":"Shaded","section":"Shading Mode"},"sceneLighting":false,"audioPlay":false,"sceneViewState":{"m_AlwaysRefresh":false,"showFog":true,"showSkybox":false,"showFlares":true,"showImageEffects":true,"showParticleSystems":true,"showVisualEffectGraphs":true,"m_FxEnabled":true},"in2DMode":false,"pivot":{"x":-0.780700147151947,"y":0.8529314994812012,"z":2.657834053039551},"rotation":{"x":0.10328655689954758,"y":0.025046588853001596,"z":-0.002584940055385232,"w":0.9943682551383972},"size":3.1222379207611086,"orthographic":false}