{"cameraMode":{"drawMode":0,"name":"Shaded","section":"Shading Mode"},"sceneLighting":false,"audioPlay":false,"sceneViewState":{"m_AlwaysRefresh":false,"showFog":true,"showSkybox":false,"showFlares":true,"showImageEffects":true,"showParticleSystems":true,"showVisualEffectGraphs":true,"m_FxEnabled":true},"in2DMode":false,"pivot":{"x":0.2004796862602234,"y":0.4165623188018799,"z":-0.170801043510437},"rotation":{"x":0.06028462201356888,"y":-0.9381983280181885,"z":0.21177956461906434,"w":0.2672290503978729},"size":0.6634618043899536,"orthographic":false}