{"cameraMode":{"drawMode":0,"name":"Shaded","section":"Shading Mode"},"sceneLighting":false,"audioPlay":false,"sceneViewState":{"m_AlwaysRefresh":false,"showFog":true,"showSkybox":false,"showFlares":true,"showImageEffects":true,"showParticleSystems":true,"showVisualEffectGraphs":true,"m_FxEnabled":true},"in2DMode":false,"pivot":{"x":17.845884323120118,"y":0.8859544992446899,"z":18.142412185668947},"rotation":{"x":0.11607101559638977,"y":-0.6930543184280396,"z":0.11455784738063812,"w":0.702235758304596},"size":1.9966094493865967,"orthographic":false}