{"cameraMode":{"drawMode":0,"name":"Shaded","section":"Shading Mode"},"sceneLighting":false,"audioPlay":false,"sceneViewState":{"m_AlwaysRefresh":false,"showFog":true,"showSkybox":false,"showFlares":true,"showImageEffects":true,"showParticleSystems":true,"showVisualEffectGraphs":true,"m_FxEnabled":true},"in2DMode":false,"pivot":{"x":-0.0344720184803009,"y":0.06271401047706604,"z":-0.006115466356277466},"rotation":{"x":0.08614141494035721,"y":-0.901268720626831,"z":0.21056394279003144,"w":0.3688752353191376},"size":0.2040756791830063,"orthographic":false}