{"cameraMode":{"drawMode":0,"name":"Shaded","section":"Shading Mode"},"sceneLighting":false,"audioPlay":false,"sceneViewState":{"m_AlwaysRefresh":false,"showFog":false,"showSkybox":false,"showFlares":false,"showImageEffects":false,"showParticleSystems":false,"showVisualEffectGraphs":true,"m_FxEnabled":true},"in2DMode":false,"pivot":{"x":-0.00027740001678466797,"y":0.8487973213195801,"z":-0.03840115666389465},"rotation":{"x":0.02259373478591442,"y":0.9302383065223694,"z":-0.05812107399106026,"w":0.36165839433670046},"size":1.4650564193725587,"orthographic":false}