{"cameraMode":{"drawMode":0,"name":"Shaded","section":"Shading Mode"},"sceneLighting":false,"audioPlay":false,"sceneViewState":{"m_AlwaysRefresh":false,"showFog":true,"showSkybox":false,"showFlares":true,"showImageEffects":true,"showParticleSystems":true,"showVisualEffectGraphs":true,"m_FxEnabled":true},"in2DMode":false,"pivot":{"x":0.20462942123413087,"y":8.81873893737793,"z":0.07749104499816895},"rotation":{"x":-0.20023995637893678,"y":0.6776907444000244,"z":-0.19985803961753846,"w":-0.6788392663002014},"size":4.469809055328369,"orthographic":false}