{"cameraMode":{"drawMode":0,"name":"Shaded","section":"Shading Mode"},"sceneLighting":false,"audioPlay":false,"sceneViewState":{"m_AlwaysRefresh":false,"showFog":true,"showSkybox":false,"showFlares":true,"showImageEffects":true,"showParticleSystems":true,"showVisualEffectGraphs":true,"m_FxEnabled":true},"in2DMode":false,"pivot":{"x":0.21266689896583558,"y":0.3615270256996155,"z":-0.6663665175437927},"rotation":{"x":0.09586723893880844,"y":-0.8357656598091126,"z":0.15469279885292054,"w":0.5181590914726257},"size":0.44616302847862246,"orthographic":false}