{"cameraMode":{"drawMode":0,"name":"Shaded","section":"Shading Mode"},"sceneLighting":true,"audioPlay":false,"sceneViewState":{"m_AlwaysRefresh":false,"showFog":true,"showSkybox":true,"showFlares":true,"showImageEffects":true,"showParticleSystems":true,"showVisualEffectGraphs":true,"m_FxEnabled":false},"in2DMode":false,"pivot":{"x":-17.203691482543947,"y":-22.234458923339845,"z":-44.54447937011719},"rotation":{"x":0.05998551473021507,"y":0.8778014779090881,"z":-0.46135076880455019,"w":0.11413314938545227},"size":16.801021575927736,"orthographic":false}