{"cameraMode":{"drawMode":0,"name":"Shaded","section":"Shading Mode"},"sceneLighting":true,"audioPlay":false,"sceneViewState":{"m_AlwaysRefresh":false,"showFog":true,"showSkybox":true,"showFlares":true,"showImageEffects":true,"showParticleSystems":true,"showVisualEffectGraphs":true,"m_FxEnabled":false},"in2DMode":false,"pivot":{"x":13.402397155761719,"y":1.4451565742492676,"z":18.072237014770509},"rotation":{"x":0.13921450078487397,"y":0.8201966285705566,"z":-0.22514088451862336,"w":0.5071607828140259},"size":2.785116672515869,"orthographic":false}