{"cameraMode":{"drawMode":0,"name":"Shaded","section":"Shading Mode"},"sceneLighting":true,"audioPlay":false,"sceneViewState":{"m_AlwaysRefresh":false,"showFog":true,"showSkybox":true,"showFlares":true,"showImageEffects":true,"showParticleSystems":true,"showVisualEffectGraphs":true,"m_FxEnabled":false},"in2DMode":false,"pivot":{"x":-21.431720733642579,"y":-0.9174222946166992,"z":-37.082122802734378},"rotation":{"x":0.48103654384613039,"y":0.013149573467671872,"z":-0.00721609266474843,"w":0.8765725493431091},"size":7.402595043182373,"orthographic":false}